ID,Title,"EFI Areas","Areas of Expertise","UoE Schools",Sectors
445,"Alessandro Rosiello","EFI Executive|Engagement &amp; Innovation",,,
447,"Alex Hutchison","EFI Executive|Engagement &amp; Innovation>Innovation Services",,,
449,"Caroline Parkinson","Centres, Hubs, Projects &amp; Networks>Creative Informatics|Research Clusters>Creativity, AI and the Human|Engagement &amp; Innovation","AI in creative domains","Edinburgh Futures Institute","Creative Industries"
478,"Chris Speed","Centres, Hubs, Projects &amp; Networks>Data + Design Lab|EFI Management Group|Engagement &amp; Innovation",,,
481,"Douglas Graham","EFI Executive|Engagement &amp; Innovation",,,"Creative Industries|Financial Services &amp; FinTech|Public Services|Tourism &amp; Festivals"
487,"Gbenga Ibikunle","Centres, Hubs, Projects &amp; Networks>Edinburgh Centre for Financial Innovations",,,"Financial Services &amp; FinTech"
494,"Jude Henderson","EFI Executive",,,
497,"Kate Orton-Johnson","Education|EFI Management Group",,"College of Arts, Humanities &amp; Social Sciences>School of Social and Political Science",
500,"Kristy Docherty","Engagement &amp; Innovation|Centres, Hubs, Projects &amp; Networks>Prevention Hub|Centres, Hubs, Projects &amp; Networks>Public Services Innovation Lab",,,"Public Services"
507,"Lynne Craig","Research Clusters>Creativity, AI and the Human|EFI Executive|Engagement &amp; Innovation","AI in creative domains|Human-centred and social dimensions of AI","College of Arts, Humanities &amp; Social Sciences>Edinburgh College of Art",
510,"Lisa Otty","Engagement &amp; Innovation>Innovation Services>Data-led Methods and Research Technology|Research Clusters>Digital Cultural Heritage",,,
513,"Liz McFall","Centres, Hubs, Projects &amp; Networks>Data Civics",,,
516,"Patricia Erskine","Culture &amp; Community|Research Clusters>Digital Cultural Heritage",,"Edinburgh Futures Institute",
519,"Sean Smith","Centres, Hubs, Projects &amp; Networks>Centre for Future Infrastructure",,,
522,"Shannon Vallor","Centres, Hubs, Projects &amp; Networks>Centre for Technomoral Futures",,,
525,"Sian Bayne","Centres, Hubs, Projects &amp; Networks>Centre for Research in Digital Education",,,
528,"Theodor Cojoianu","EFI Management Group|Research",,,
23466,"Abby Gleave",Education,,,
23479,"Anna Duncan",Education,,,
23490,"David Murphy",Education,,,
23499,"Emma Craigen",Education,,,
23505,"Emma McAllister",Education,,,
23527,"Esther Mijers","Education|EFI Executive",,,
23531,"Jen Watson",Education,,,
23536,"Katie Murray","Education|Engagement &amp; Innovation",,,
23548,"Rachel McKay",Education,,,
23552,"Sabine Rolle",Education,,,
23557,"Sarah Harvey","Education|EFI Executive",,,
23566,"Amy Macpherson","Centres, Hubs, Projects &amp; Networks>Centre for Future Infrastructure",,,
23570,"Anna Votsi",Research,,,
23575,"Joe Noteboom","Centres, Hubs, Projects &amp; Networks>Centre for Technomoral Futures|Research Clusters>Critical Data Studies|Education",,"College of Arts, Humanities &amp; Social Sciences>School of Social and Political Science",
23578,"Valentina Guerrieri","EFI Executive|Research",,,
23596,"Autumn Roesch-Marsh","Centres, Hubs, Projects &amp; Networks>The Binks Hub",,,
23599,"Emma Davidson","Centres, Hubs, Projects &amp; Networks>The Binks Hub",,,
23602,"Marisa de Andrade","Centres, Hubs, Projects &amp; Networks>The Binks Hub",,,
23612,"Likando Kumoyo","Centres, Hubs, Projects &amp; Networks>Centre for Data, Culture &amp; Society|Engagement &amp; Innovation>Innovation Services>Data-led Methods and Research Technology",,,
23615,"Lucia Michielin","Centres, Hubs, Projects &amp; Networks>Centre for Data, Culture &amp; Society|Engagement &amp; Innovation>Innovation Services>Data-led Methods and Research Technology",,,
23625,"John Vines","Centres, Hubs, Projects &amp; Networks>Centre for Investing Innovation|Research Clusters>Children, Interaction and Design|Research Clusters>Media and Communications","Digital Design|Social Media","College of Science &amp; Engineering>School of Informatics",
23631,"Sotirios Sabanis","Centres, Hubs, Projects &amp; Networks>Centre for Investing Innovation",,,
23637,"Christie Hewitt","Operations and Facilities",,,
23640,"Gina Helfrich","Centres, Hubs, Projects &amp; Networks>Centre for Technomoral Futures",,,
23643,"Fraser Macdonald","Engagement &amp; Innovation>Innovation Services>Collaborative Impact|Centres, Hubs, Projects &amp; Networks>Data for Children Collaborative",,,
23646,"Iwona Soppa","Engagement &amp; Innovation>Innovation Services>Collaborative Impact|Centres, Hubs, Projects &amp; Networks>Data for Children Collaborative",,,
23649,"Kam Chan","Engagement &amp; Innovation>Innovation Services>Futures and Design",,,
23652,"Pushpi Bagchi","Engagement &amp; Innovation>Innovation Services>Futures and Design",,,
23656,"Steve Earl","Engagement &amp; Innovation>Innovation Services>Futures and Design",,,
23660,"Laura Cram","Centres, Hubs, Projects &amp; Networks>Digital Influence &amp; Intelligence Lab",,"College of Arts, Humanities &amp; Social Sciences>School of Social and Political Science",
23663,"Drew Hemment","Centres, Hubs, Projects &amp; Networks>The New Real",,,"Tourism &amp; Festivals"
23672,"Matjaz Vidmar","Centres, Hubs, Projects &amp; Networks>The New Real",,,
23678,"Joshua Ryan-Saha","Engagement &amp; Innovation|Centres, Hubs, Projects &amp; Networks>Traveltech Innovation Hub",,,"Tourism &amp; Festivals"
23684,"Maddy Burgoyne","Research Clusters>Creativity, AI and the Human|Engagement &amp; Innovation",,"Edinburgh Futures Institute","Creative Industries|Financial Services &amp; FinTech|Public Services|Tourism &amp; Festivals"
23687,"Owen Kelly","Engagement &amp; Innovation>International",,,
23697,"Vlada Kravtsova","Education|Engagement &amp; Innovation",,,
23703,"Jennifer Williams","Culture &amp; Community",,,
23706,"Fraser Pringle","Communications, Marketing &amp; Events",,,
23709,"Ioannis Kalkounos","Communications, Marketing &amp; Events",,,
23712,"Katrina Macapagal","Communications, Marketing &amp; Events",,,
23715,"Laura Dougan","Communications, Marketing &amp; Events",,,
23718,"Russell McAdam","Communications, Marketing &amp; Events",,,
23721,"Siobhan Dunn","Communications, Marketing &amp; Events|EFI Management Group",,,
23724,"Agata Gibczynska","Operations and Facilities",,,
23727,"Ingrid Heersche","Operations and Facilities",,,
23733,"Octavia Morgan","Operations and Facilities",,,
23736,"Tim Raven","EFI Executive|Operations and Facilities",,,
26028,"Ed MacKenzie","Centres, Hubs, Projects &amp; Networks>Centre for Data, Culture &amp; Society|Engagement &amp; Innovation>Innovation Services>Data-led Methods and Research Technology",,,
28962,"Lewis Williams","Communications, Marketing &amp; Events",,,
28965,"Alice Disley","Communications, Marketing &amp; Events",,,
29403,"Jordan Watson","Centres, Hubs, Projects &amp; Networks>Centre for Technomoral Futures",,,
29467,"Chris Elsden","Research Clusters>Creativity, AI and the Human|Centres, Hubs, Projects &amp; Networks>Data + Design Lab","AI ethics, responsibility, and governance|AI in creative domains|Human-centred and social dimensions of AI","College of Arts, Humanities &amp; Social Sciences>Edinburgh College of Art",
30102,Felicia Murray,Philanthropy,,,
30832,"Noreen O'Donnell","Engagement &amp; Innovation",,,"Financial Services &amp; FinTech|Public Services"
30835,"Jackie Whittaker","Engagement &amp; Innovation",,,
30838,"Gillian Stirling",Education,,,
30847,"Javier Tejera","Research Clusters>Creativity, AI and the Human|Education","AI in creative domains|AI in knowledge and learning contexts","Edinburgh Futures Institute",
30899,"John Zerilli","Centres, Hubs, Projects &amp; Networks>Centre for Technomoral Futures",,,
30976,"Jimmy Turner","Centres, Hubs, Projects &amp; Networks>The Binks Hub",,,
37693,"David Overend",Education,,,
39426,"Katherine Trebeck",,,,
39466,"Martyn Dempsey-Caddick",Philanthropy,,,
39549,"Roddy McDougall",Education,,,
39554,"Yasmine Lewis",Education,,,
40701,"Minhyong Kim","Centres, Hubs, Projects &amp; Networks>Mathematics for Humanity",,,
42809,"Alan Kennedy","Centres, Hubs, Projects &amp; Networks>Centre for Investing Innovation",,,
43347,"Fabio Tollon","Centres, Hubs, Projects &amp; Networks>Centre for Technomoral Futures",,,
43349,"Cristina Richie","Centres, Hubs, Projects &amp; Networks>Centre for Technomoral Futures",,,
44468,"Jesse Norris","EFI IT Team>Information, Technical &amp; Technology Services|EFI IT Team>IT User Support",,,
44472,"Jordan Porteous","EFI IT Team",,,
44475,"Teilo Hewett","EFI IT Team>Information, Technical &amp; Technology Services|EFI IT Team>IT User Support",,"College of Arts, Humanities &amp; Social Sciences>Edinburgh College of Art",
44488,"Alexis Pister","Engagement &amp; Innovation>Innovation Services>Data-led Methods and Research Technology|EFI IT Team>Digital Makerspace and vislab",,,
44490,"Anthony Middleton","EFI IT Team",,,
44492,"Mike Boyd","EFI IT Team",,,
44494,"Peter Bentley","EFI IT Team>Digital Makerspace and vislab",,,
45520,"Joseph Moore","Operations and Facilities",,,
45925,"Kev Dhaliwal","EFI Management Group",,,
45970,"Addie McGowan","Research Clusters>Critical Data Studies|Centres, Hubs, Projects &amp; Networks>Data Civics",,"College of Arts, Humanities &amp; Social Sciences>School of Social and Political Science",
47068,"Elif Buse Doyuran","Centres, Hubs, Projects &amp; Networks>Data Civics",,,
47502,"Tobi Schneider","Centres, Hubs, Projects &amp; Networks>Edinburgh Centre for Financial Innovations|Engagement &amp; Innovation",,,"Financial Services &amp; FinTech"
47574,"Enda Delaney","EFI Executive|Research",,,
47830,"Jade Gilhooly","Operations and Facilities",,,
47859,"Alex Taylor","Research Clusters>Critical Data Studies",,"College of Science &amp; Engineering>School of Informatics",
47863,"Karen Gregory","Research Clusters>Critical Data Studies|Research Clusters>Media and Communications",,"College of Arts, Humanities &amp; Social Sciences>School of Social and Political Science",
47867,"Morgan Currie","Research Clusters>Creativity, AI and the Human|Research Clusters>Critical Data Studies|Research Clusters>Media and Communications","AI ethics, responsibility, and governance|Theories and practices of creativity","College of Arts, Humanities &amp; Social Sciences>School of Social and Political Science",
48008,"Kate Orton-Johnson","Research Clusters>Critical Data Studies|Research Clusters>Digital Cultural Heritage|Research Clusters>Media and Communications","Digital engagement, learning and participation|Social Media","College of Arts, Humanities &amp; Social Sciences>School of Social and Political Science",
48010,"Laura Cram","Centres, Hubs, Projects &amp; Networks&gt;Digital Influence &amp; Intelligence Lab|Research Clusters>Media and Communications","Data|Political Communications|Social Media","College of Arts, Humanities &amp; Social Sciences>School of Social and Political Science",
48013,"Smita Kheria","Research Clusters>Digital Cultural Heritage|Research Clusters>Media and Communications","Copyright, IP and access|intellectual property access|Social Media","College of Arts, Humanities &amp; Social Sciences>School of Law",
48015,"Maggie Dwyer","Research Clusters>Digital Economy and Society|Research Clusters>Media and Communications","conflict, security and politics in Africa|Social Media","College of Arts, Humanities &amp; Social Sciences>School of Social and Political Science",
48018,"George Karekwaivanane","Research Clusters>Digital Economy and Society|Research Clusters>Media and Communications","colonial/imperial history|digital humanities|digital publics and counterpublics|digital research|history of the legal profession|human rights|legal history|media and society|nationalism and post-colonial state in Africa|new media|Political Communications|Social Media|Zimbabwe","College of Arts, Humanities &amp; Social Sciences>School of Social and Political Science",
48020,"Jean-Benoit Falisse","Research Clusters>Digital Economy and Society","access to basic social services (health, education and justice) in fragile environments|dynamics of community engagement|Journalism|Political Communications|Social Media|the (mis)use of data","College of Arts, Humanities &amp; Social Sciences>School of Social and Political Science",
48024,"Jules Rawlinson","Research Clusters>Creativity, AI and the Human|Research Clusters>Game Worlds|Research Clusters>Media and Communications","AI in creative domains|Data|Digital Design|Screen Studies","College of Arts, Humanities &amp; Social Sciences>Edinburgh College of Art",
48026,"Tom Boylston","Research Clusters>Game Worlds|Research Clusters>Media and Communications","anthropologist in play, technology and religion","College of Arts, Humanities &amp; Social Sciences>School of Social and Political Science",
48028,"Merlyn Seller","Research Clusters>Game Worlds|Research Clusters>Media and Communications","Digital Design|Screen Studies","College of Arts, Humanities &amp; Social Sciences>Edinburgh College of Art",
48030,"Kate Wright","Research Clusters>Media and Communications","Digital engagement, learning and participation|foundation-funded media|Journalism|NGO-supported media|Political Communications|state-funded media","College of Arts, Humanities &amp; Social Sciences>School of Social and Political Science",
48033,"Sarah Liu","Research Clusters>Media and Communications","Data|Journalism|Political Communications","College of Arts, Humanities &amp; Social Sciences>School of Social and Political Science",
48035,"Ewa Luger","Research Clusters>Media and Communications","Data|Digital Design|Journalism","College of Arts, Humanities &amp; Social Sciences>Edinburgh College of Art",
48037,"Emma Hunter","Research Clusters>Media and Communications","Journalism|Political Communications","College of Arts, Humanities &amp; Social Sciences>School of History, Classics and Archaeology",
48039,"Bronwyn Jones","Research Clusters>Media and Communications",Journalism,"College of Arts, Humanities &amp; Social Sciences>Edinburgh College of Art",
48041,"Rachael Craufurd Smith","Research Clusters>Media and Communications","Digital Design|Journalism|media law|regulation of culture and European Union law","College of Arts, Humanities &amp; Social Sciences>School of Law",
48043,"Andrew Clausen","Research Clusters>Media and Communications","computer science and mathematics|designing accountability in institutions|Journalism","College of Arts, Humanities &amp; Social Sciences>School of Economics",
48046,"Ebtihal Mahadeen","Research Clusters>Media and Communications","Journalism|Political Communications|Social Media","College of Arts, Humanities &amp; Social Sciences>School of Literatures, Languages and Cultures",
48048,"Paulo Cavaliere","Research Clusters>Media and Communications","freedom of expression, media law and communications law|Journalism","College of Arts, Humanities &amp; Social Sciences>School of Law",
48050,"Corentin Curchod","Research Clusters>Media and Communications","Data|governance in relation to market relationships|identity work|Journalism|power|Social Media|technological change","College of Arts, Humanities &amp; Social Sciences>University of Edinburgh Business School",
48052,"Walid Magdy","Research Clusters>Media and Communications","Journalism|Political Communications|Social Media","College of Science &amp; Engineering>School of Informatics",
48054,"Cristian Vaccari","Research Clusters>Media and Communications","political communication in comparative perspective|Political Communications|Social Media","College of Arts, Humanities &amp; Social Sciences>School of Social and Political Science",
48056,"Huw Davies","Research Clusters>Media and Communications","none available","College of Arts, Humanities &amp; Social Sciences>Moray House School of Education and Sport",
48058,"Benjamin Bach","Research Clusters>Media and Communications","Data|design informatics and data science","College of Science &amp; Engineering>School of Informatics",
48060,"Andrew Connor","Research Clusters>Media and Communications","Digital Design|Screen Studies","College of Arts, Humanities &amp; Social Sciences>Edinburgh College of Art",
48062,"Richard Coyne","Research Clusters>Media and Communications","Digital Design|information technology","College of Arts, Humanities &amp; Social Sciences>Edinburgh College of Art",
48064,"Julie Cupples","Research Clusters>Media and Communications","political communication|Political Communications|Screen Studies|Social Media","College of Science &amp; Engineering>School of GeoSciences",
48066,"Emma Davie","Research Clusters>Media and Communications","collaboration for experimentation|documentary filmmaking|narrative structure and form|Screen Studies","College of Arts, Humanities &amp; Social Sciences>Edinburgh College of Art",
48068,"Oliver Escobar","Research Clusters>Media and Communications","governance and democracy|political communication|Political Communications|public participation","College of Arts, Humanities &amp; Social Sciences>School of Social and Political Science",
48070,"Charlotte Gleghorn","Research Clusters>Media and Communications","latin american film studies|Political Communications|political work of cinema|relationship to processes of memory|Screen Studies","College of Arts, Humanities &amp; Social Sciences>School of Literatures, Languages and Cultures",
48076,"Robin Hill","Research Clusters>Critical Data Studies|Research Clusters>Media and Communications","Data|Digital Design|Political Communications|Social Media","College of Science &amp; Engineering>School of Informatics",
48078,"Lotte Hoek","Research Clusters>Media and Communications","Screen Studies","College of Arts, Humanities &amp; Social Sciences>School of Social and Political Science",
48080,"Itandehui Jansen","Research Clusters>Media and Communications","Screen Studies",,
48082,"Eric Laurier","Research Clusters>Critical Data Studies|Research Clusters>Media and Communications","Social Media","College of Science &amp; Engineering>School of GeoSciences",
48084,"Lachlan Urquhart","Research Clusters>Critical Data Studies|Research Clusters>Media and Communications","Data|Digital Design|Social Media","College of Arts, Humanities &amp; Social Sciences>School of Law",
48086,"David Sorfa","Research Clusters>Media and Communications","Screen Studies","College of Arts, Humanities &amp; Social Sciences>School of Literatures, Languages and Cultures",
48088,"Nick Prior","Research Clusters>Critical Data Studies|Research Clusters>Media and Communications","Digital Design|Social Media","College of Arts, Humanities &amp; Social Sciences>School of Social and Political Science",
48090,"John Lee","Research Clusters>Media and Communications","Data|Digital Design|Social Media","College of Arts, Humanities &amp; Social Sciences>Edinburgh College of Art",
48092,"Clare Llewellyn","Research Clusters>Digital Cultural Heritage|Research Clusters>Media and Communications","Data|political communciation|Political Communications|Social Media","College of Arts, Humanities &amp; Social Sciences>School of Social and Political Science",
48094,"Ben Marder","Research Clusters>Media and Communications","behaviour &amp; flow|data analytics|Political Communications|Social Media|technologies in tourism|visitor attitudes","College of Arts, Humanities &amp; Social Sciences>University of Edinburgh Business School",
48096,"Thomas Molony","Research Clusters>Media and Communications","Political Communications|Social Media","College of Arts, Humanities &amp; Social Sciences>School of Social and Political Science",
48097,"Jonny Murray","Research Clusters>Media and Communications","Screen Studies","College of Arts, Humanities &amp; Social Sciences>Edinburgh College of Art",
48099,"Claudia Pagliari","Research Clusters>Media and Communications","Data|Social Media","Usher Institute",
48101,"Annika Bergman Rosamond","Research Clusters>Media and Communications","Political Communications","College of Arts, Humanities &amp; Social Sciences>School of Social and Political Science",
48264,"Jen Ross","Centres, Hubs, Projects &amp; Networks>Centre for Research in Digital Education|Research Clusters>Digital Cultural Heritage","digital cultural heritage engagement|digital cultures and futures|Digital engagement, learning and participation","College of Arts, Humanities &amp; Social Sciences>Moray House School of Education and Sport",
48268,"Marisa Wilson","Research Clusters>Digital Cultural Heritage","Copyright, IP and access|Digital engagement, learning and participation|Geospatial data and heritage|research and teaching develops understanding plantation agriculture on environments, cultures &amp; bodies|Working with digital archives and collections","College of Science &amp; Engineering>School of GeoSciences",
48270,"Melissa Terras","Research Clusters>Creativity, AI and the Human|Research Clusters>Digital Cultural Heritage","AI ethics, responsibility, and governance|AI in creative domains|Copyright, IP and access|creative informatics|Digital documentation|Digital engagement, learning and participation|digitization of cultural heritage|Geospatial data and heritage|Human-centred and social dimensions of AI|technologies procedures and impact and how it intersects with internet technologies|Theories and practices of creativity|Working with digital archives and collections","College of Arts, Humanities &amp; Social Sciences>Edinburgh College of Art",
48273,"Philippa Sheail","Research Clusters>Digital Cultural Heritage","cultural geography|digital education|Digital engagement, learning and participation|drawing on organizational theory|interdisciplinary based in digital and higher educatin|social theories of time|Working with digital archives and collections","College of Arts, Humanities &amp; Social Sciences>Moray House School of Education and Sport",
48276,"Larissa Pschetz","Research Clusters>Digital Cultural Heritage|Research Clusters>Digital Economy and Society","design informatics|design of physical-digital artefacts|Digital engagement, learning and participation|human computer-interaction|interaction design|social sciences and humanities","College of Arts, Humanities &amp; Social Sciences>Edinburgh College of Art",
48278,"Nichola Dobson","Research Clusters>Creativity, AI and the Human|Research Clusters>Digital Cultural Heritage","AI in creative domains|AI in knowledge and learning contexts|Digital documentation|Digital engagement, learning and participation|Working with digital archives and collections","College of Arts, Humanities &amp; Social Sciences>Edinburgh College of Art",
48280,"Guillaume Robin","Research Clusters>Digital Cultural Heritage","Digital documentation|Digital engagement, learning and participation|Geospatial data and heritage|Tourism and heritage|Working with digital archives and collections","College of Arts, Humanities &amp; Social Sciences>School of History, Classics and Archaeology",
48282,"Tanja Romankiewicz","Research Clusters>Digital Cultural Heritage","Digital documentation|digital engagement|Digital engagement, learning and participation|Geospatial data and heritage|learning and participation|Tourism and heritage","College of Arts, Humanities &amp; Social Sciences>School of History, Classics and Archaeology",
48285,"Will Lamb","Research Clusters>Digital Cultural Heritage","Digital documentation|Working with digital archives and collections","College of Arts, Humanities &amp; Social Sciences>School of Literatures, Languages and Cultures",
48288,"Alexander Hiscock","Research Clusters>Digital Cultural Heritage","Digital documentation|digital engagement|Digital engagement, learning and participation|learning and participation","College of Arts, Humanities &amp; Social Sciences>School of History, Classics and Archaeology",
48292,"Ash Charlton","Research Clusters>Digital Cultural Heritage","Digital documentation|digital engagement|Digital engagement, learning and participation|learning and participation|slavery and race in the encyclopaedia Britannica|text mining|Working with digital archives and collections","College of Arts, Humanities &amp; Social Sciences>School of History, Classics and Archaeology",
48295,"Jon Henderson","Research Clusters>Digital Cultural Heritage","Digital documentation|digital engagement|Digital engagement, learning and participation|Geospatial data and heritage|learning and participation|Tourism and heritage","College of Arts, Humanities &amp; Social Sciences>School of History, Classics and Archaeology",
48298,"Niamh Moore","Research Clusters>Critical Data Studies|Research Clusters>Digital Cultural Heritage","digital engagement|Digital engagement, learning and participation|eco/feminist politics|ethics and research practices|feminist research|feminist theory|learning and participation|narrative research|oral history|research methodology|sustainability|Tourism and heritage|women's movements|Working with digital archives and collections","College of Arts, Humanities &amp; Social Sciences>School of Social and Political Science",
48301,"Niki Vermeulen","Research Clusters>Digital Cultural Heritage","digital engagement|Digital engagement, learning and participation|Geospatial data and heritage|historical approaches to science, technology and medicine|learning and participation|social studies of biology and medicine|Tourism and heritage","College of Arts, Humanities &amp; Social Sciences>School of Social and Political Science",
48304,"Moa Carlsson","Research Clusters>Digital Cultural Heritage","Geospatial data and heritage|Tourism and heritage|Working with digital archives and collections","College of Arts, Humanities &amp; Social Sciences>Edinburgh College of Art",
48307,"Emily Johnston","Research Clusters>Digital Cultural Heritage","digital engagement|Digital engagement, learning and participation|framework for community engagement in scottish commercial archaeology|learning and participation|Tourism and heritage","College of Arts, Humanities &amp; Social Sciences>School of History, Classics and Archaeology",
48310,"Beatrice Alex","Research Clusters>Digital Cultural Heritage","Geospatial data and heritage|Tourism and heritage|Working with digital archives and collections","College of Arts, Humanities &amp; Social Sciences>School of Literatures, Languages and Cultures",
48313,"Catriona Schofield","Research Clusters>Digital Cultural Heritage","digital engagement|Digital engagement, learning and participation|learning and participation|Tourism and heritage","College of Arts, Humanities &amp; Social Sciences>School of Literatures, Languages and Cultures",
48316,"Manuel Fernandez-Gotz","Research Clusters>Digital Cultural Heritage","digital engagement|Digital engagement, learning and participation|Geospatial data and heritage|learning and participation|Working with digital archives and collections","College of Arts, Humanities &amp; Social Sciences>School of History, Classics and Archaeology",
48319,"Daryl Green","Research Clusters>Digital Cultural Heritage","digital engagement|Digital engagement, learning and participation|Geospatial data and heritage|learning and participation|Working with digital archives and collections","University of Edinburgh",
48321,"Anouk Lang","Research Clusters>Creativity, AI and the Human|Research Clusters>Digital Cultural Heritage","digital engagement|Digital engagement, learning and participation|Geospatial data and heritage|learning and participation|Working with digital archives and collections","College of Arts, Humanities &amp; Social Sciences>School of Literatures, Languages and Cultures",
48325,"James Cook","Research Clusters>Creativity, AI and the Human|Research Clusters>Digital Cultural Heritage|Research Clusters>Game Worlds","AI in creative domains|digital engagement|Digital engagement, learning and participation|learning and participation|Theories and practices of creativity|Working with digital archives and collections","College of Arts, Humanities &amp; Social Sciences>Edinburgh College of Art",
48326,"Uta Hinrichs","Research Clusters>Children, Interaction and Design|Research Clusters>Digital Cultural Heritage","digital engagement|Digital engagement, learning and participation|learning and participation|Working with digital archives and collections","College of Science &amp; Engineering>School of Informatics",
48328,"Raul Gomez Hernandez","Research Clusters>Creativity, AI and the Human|Research Clusters>Digital Cultural Heritage","AI ethics, responsibility, and governance|AI in creative domains|AI in knowledge and learning contexts|communication and dissemination of cultural heritage|digital engagement|Digital engagement, learning and participation|Human-centred and social dimensions of AI|learning and participation|Theories and practices of creativity|Working with digital archives and collections","College of Arts, Humanities &amp; Social Sciences>Moray House School of Education and Sport",
48330,"Claire Sowton","Research Clusters>Digital Cultural Heritage","communciations|digital engagement|Digital engagement, learning and participation|learning and participation|Working with digital archives and collections","College of Arts, Humanities &amp; Social Sciences>Moray House School of Education and Sport",
48332,"Chiara Bonacchi","Research Clusters>Digital Cultural Heritage|Research Clusters>Media and Communications","Data|digital engagement|Digital engagement, learning and participation|learning and participation|Political Communications|Social Media|Working with digital archives and collections","College of Arts, Humanities &amp; Social Sciences>School of History, Classics and Archaeology",
48335,"Laura Jeffery","Research Clusters>Digital Cultural Heritage","anthropology|digital engagement|Digital engagement, learning and participation|learning and participation|migration","College of Arts, Humanities &amp; Social Sciences>School of Social and Political Science",
48337,"Lucy Havens","Research Clusters>Digital Cultural Heritage","Working with digital archives and collections",,
48340,"Edward Hollis","Research Clusters>Digital Cultural Heritage",,"College of Arts, Humanities &amp; Social Sciences>Edinburgh College of Art",
48344,"John Harries","Research Clusters>Digital Cultural Heritage",,"College of Arts, Humanities &amp; Social Sciences>School of Social and Political Science",
48346,"Nathan Sydenham","Research Clusters>Digital Cultural Heritage",,"College of Arts, Humanities &amp; Social Sciences>School of Social and Political Science",
48348,"Nicole Anderson","Research Clusters>Digital Cultural Heritage",,"College of Arts, Humanities &amp; Social Sciences>School of Social and Political Science",
48350,"Stuart King","Research Clusters>Creativity, AI and the Human|Research Clusters>Digital Cultural Heritage","AI in knowledge and learning contexts","College of Science &amp; Engineering>School of Mathematics",
48352,"Zoë Hollingworth","Research Clusters>Digital Cultural Heritage",,"College of Arts, Humanities &amp; Social Sciences>Edinburgh College of Art",
48353,"Maureen Finn","Research Clusters>Digital Cultural Heritage",,"College of Arts, Humanities &amp; Social Sciences>Moray House School of Education and Sport",
48354,"Mark Hoelterhoff","Research Clusters>Pioneering Analytics for Transformative Higher Education","focusing on promoting positive mental wellbeing|positive psychology","College of Arts, Humanities &amp; Social Sciences>School of Health in Social Science",
48356,"Maria Gardani","Research Clusters>Pioneering Analytics for Transformative Higher Education","clinical psychology","College of Arts, Humanities &amp; Social Sciences>School of Health in Social Science",
48359,"Liz Grant","Research Clusters>Pioneering Analytics for Transformative Higher Education","eveloping and supporting global health partnerships in LMIC communities|local and global advocacy|translating global health research into action","Usher Institute",
48361,"Andy Shanks","Research Clusters>Pioneering Analytics for Transformative Higher Education","large scale and high volume services|managing and improving dispersed|working collaboratively across boundaries to achieve and service enhancements","University of Edinburgh",
48364,"Harriet Harris","Research Clusters>Pioneering Analytics for Transformative Higher Education","religious studies","University of Edinburgh",
48366,"Jon Turner","Research Clusters>Pioneering Analytics for Transformative Higher Education","professional development|teaching and learning services","University of Edinburgh",
48368,"Ruthanne Baxter","Research Clusters>Pioneering Analytics for Transformative Higher Education",,"University of Edinburgh",
48372,"Kelly Ford",Education,,,
48380,"Juli Huang","Research Clusters>Critical Data Studies|Research Clusters>Digital Economy and Society|Research Clusters>Game Worlds","approaches to data and markets|economic anthropologist|moral logics for money's circulation in pursuit of social and environmental aims|social enterprise|the use of new technologies","College of Arts, Humanities &amp; Social Sciences>School of Social and Political Science",
48383,"Kevin P. Donovan","Research Clusters>Digital Economy and Society","East Africa|history and anthropology|political economy|science and technology studies","College of Arts, Humanities &amp; Social Sciences>School of Social and Political Science",
48387,"Zeineb Alsabeehg","Research Clusters>Digital Economy and Society","middle east research group","College of Arts, Humanities &amp; Social Sciences>School of Social and Political Science",
48389,"Andreas Hackl","Research Clusters>Digital Economy and Society","inclusion and exclusion of refugees in the digitial economy|reduce digital risks for refugees","College of Arts, Humanities &amp; Social Sciences>School of Social and Political Science",
48391,"Isadora Dullaert","Research Clusters>Critical Data Studies|Research Clusters>Digital Economy and Society","digital political sociologist","College of Arts, Humanities &amp; Social Sciences>School of Social and Political Science",
48394,"Michael Gallagher","Centres, Hubs, Projects &amp; Networks>Centre for Research in Digital Education|Research Clusters>Digital Economy and Society","critical perspectives on educational technologies|Digital engagement, learning and participation|educational technologies|futures educational research|mobilities of digital education for marginalized groups|Working with digital archives and collections","College of Arts, Humanities &amp; Social Sciences>Moray House School of Education and Sport",
48396,"Alec Ross","Research Clusters>Digital Economy and Society","applied ethics|ethics and markets|forced migration|human rights|immigration and asylum policy|marketization|refugee studies|social and political theory","College of Arts, Humanities &amp; Social Sciences>School of Social and Political Science",
48400,"David Mesa-Ruiz","Research Clusters>Digital Economy and Society","crime and demographic outcomes|econometrics|quasi-experimental methods to analyze the effects of trade|technological shocks on labour markets","College of Arts, Humanities &amp; Social Sciences>School of Economics",
48402,"Idil Galip","Research Clusters>Digital Economy and Society","digital labor|markets and culture|Meme Studies Research Network|memes","College of Arts, Humanities &amp; Social Sciences>School of Social and Political Science",
48404,"Oyku Hazal Tural","Research Clusters>Digital Economy and Society","forced displacement|humanitarianism|politics of immigration control|refugee integration|Sociology","College of Arts, Humanities &amp; Social Sciences>School of Social and Political Science",
48406,"Júlia Fernandez Molina","Research Clusters>Digital Economy and Society","borders|medical anthropology|politics of reproduction|transit migration and asylum|UK migration governance","College of Arts, Humanities &amp; Social Sciences>School of Social and Political Science",
48408,"Mohammad Amir Anwar","Research Clusters>Digital Economy and Society",,"College of Arts, Humanities &amp; Social Sciences>School of Social and Political Science",
48411,"Hannah Fitzpatrick","Research Clusters>Game Worlds","and geohumanities|borders and boundaries|critical theory|historical and political geographer|histories of geography and cartography|south asian area studies|territorial partitions","College of Science &amp; Engineering>School of GeoSciences",
48413,"Mike Anusas","Research Clusters>Game Worlds",,"College of Arts, Humanities &amp; Social Sciences>Edinburgh College of Art",
48463,"Kirsty Hope",Education,,,
48514,"Alexandros Kapatais","Research Clusters>Pioneering Analytics for Transformative Higher Education",,"College of Arts, Humanities &amp; Social Sciences>School of Health in Social Science",
48518,"Rea Michalopoulou","Research Clusters>Children, Interaction and Design|Research Clusters>Pioneering Analytics for Transformative Higher Education",,"College of Arts, Humanities &amp; Social Sciences>School of Health in Social Science",
48533,"Jane McKie","Research Clusters>Creativity, AI and the Human","AI ethics, responsibility, and governance|AI in creative domains|Theories and practices of creativity","College of Arts, Humanities &amp; Social Sciences>School of Literatures, Languages and Cultures",
48535,"Beverley Hood","Research Clusters>Creativity, AI and the Human|Research Clusters>Media and Communications","AI ethics, responsibility, and governance|AI in creative domains|Data|Digital Design|Human-centred and social dimensions of AI|Political Communications|Screen Studies|Social Media","College of Arts, Humanities &amp; Social Sciences>Edinburgh College of Art",
48537,"Caterina Moruzzi","Research Clusters>Creativity, AI and the Human|Research Clusters>Critical Data Studies","AI ethics, responsibility, and governance|AI in creative domains|AI in knowledge and learning contexts|Human-centred and social dimensions of AI|Theories and practices of creativity","College of Arts, Humanities &amp; Social Sciences>Edinburgh College of Art",
48539,"Aditi Surana","Research Clusters>Creativity, AI and the Human","Human-centred and social dimensions of AI","College of Arts, Humanities &amp; Social Sciences>Edinburgh College of Art",
48541,"Alec Wright","Research Clusters>Creativity, AI and the Human","AI in creative domains","College of Arts, Humanities &amp; Social Sciences>Edinburgh College of Art",
48543,"Alexandra Huang","Research Clusters>Creativity, AI and the Human","AI in creative domains","College of Arts, Humanities &amp; Social Sciences>School of Literatures, Languages and Cultures",
48545,"Asad Khan","Research Clusters>Creativity, AI and the Human","Human-centred and social dimensions of AI","College of Arts, Humanities &amp; Social Sciences>Edinburgh College of Art",
48547,"Bettina Nissen","Research Clusters>Creativity, AI and the Human","Human-centred and social dimensions of AI","College of Arts, Humanities &amp; Social Sciences>Edinburgh College of Art",
48549,"Billy Dixon","Research Clusters>Creativity, AI and the Human","AI in creative domains|Human-centred and social dimensions of AI","College of Arts, Humanities &amp; Social Sciences>Edinburgh College of Art",
48551,"Cenk Koknar","Research Clusters>Creativity, AI and the Human","Human-centred and social dimensions of AI","College of Arts, Humanities &amp; Social Sciences>Edinburgh College of Art",
48553,"Chanhjian Li","Research Clusters>Creativity, AI and the Human",,"College of Science &amp; Engineering>School of Informatics",
48555,"Charlotte Bird","Research Clusters>Creativity, AI and the Human","AI ethics, responsibility, and governance|AI in creative domains","College of Arts, Humanities &amp; Social Sciences>Edinburgh College of Art",
48556,"Denitsa Petrova","Research Clusters>Creativity, AI and the Human","AI in creative domains|AI in knowledge and learning contexts|Human-centred and social dimensions of AI","College of Arts, Humanities &amp; Social Sciences>Edinburgh College of Art",
48558,"Evan Morgan","Research Clusters>Creativity, AI and the Human","AI in creative domains|Human-centred and social dimensions of AI|Theories and practices of creativity","College of Arts, Humanities &amp; Social Sciences>Edinburgh College of Art",
48560,"Ian Rothwell","Research Clusters>Creativity, AI and the Human|Research Clusters>Media and Communications","AI ethics, responsibility, and governance|AI in creative domains|Digital Design|Screen Studies|Social Media|Theories and practices of creativity","College of Arts, Humanities &amp; Social Sciences>Edinburgh College of Art",
48562,"Jade Wang","Research Clusters>Creativity, AI and the Human","AI in creative domains|AI in knowledge and learning contexts|Theories and practices of creativity","College of Arts, Humanities &amp; Social Sciences>Moray House School of Education and Sport",
48564,"Jiarong Yu","Research Clusters>Creativity, AI and the Human","AI in creative domains|AI in knowledge and learning contexts|Human-centred and social dimensions of AI|Theories and practices of creativity","College of Arts, Humanities &amp; Social Sciences>Edinburgh College of Art",
48565,"Lara Dal Molin","Research Clusters>Creativity, AI and the Human","AI ethics, responsibility, and governance|Human-centred and social dimensions of AI","College of Arts, Humanities &amp; Social Sciences>School of Social and Political Science",
48567,"Louis McHugh","Research Clusters>Creativity, AI and the Human","AI in creative domains","College of Arts, Humanities &amp; Social Sciences>Edinburgh College of Art",
48569,"Lynda Clark","Research Clusters>Creativity, AI and the Human","AI in creative domains|Theories and practices of creativity","College of Arts, Humanities &amp; Social Sciences>School of Literatures, Languages and Cultures",
48571,"Martin Disley","Research Clusters>Creativity, AI and the Human","AI ethics, responsibility, and governance|AI in creative domains|Theories and practices of creativity","College of Arts, Humanities &amp; Social Sciences>Edinburgh College of Art",
48573,"Martin Parker","Research Clusters>Creativity, AI and the Human","AI in creative domains","College of Arts, Humanities &amp; Social Sciences>Edinburgh College of Art",
48574,"Nichole Fernandez","Research Clusters>Creativity, AI and the Human",,"College of Arts, Humanities &amp; Social Sciences>Edinburgh College of Art",
48576,"Nikki Moran","Research Clusters>Creativity, AI and the Human","AI in creative domains|AI in knowledge and learning contexts|Human-centred and social dimensions of AI|Theories and practices of creativity","College of Arts, Humanities &amp; Social Sciences>Edinburgh College of Art",
48578,"Patricia Wu Wu","Research Clusters>Creativity, AI and the Human","AI in creative domains","College of Arts, Humanities &amp; Social Sciences>Edinburgh College of Art",
48579,"Pavlos Andreadis","Research Clusters>Creativity, AI and the Human","AI in knowledge and learning contexts|Human-centred and social dimensions of AI","College of Science &amp; Engineering>School of Informatics",
48580,"SJ Bennett","Research Clusters>Creativity, AI and the Human",,,
48581,"Suzanne Black","Research Clusters>Creativity, AI and the Human","AI ethics, responsibility, and governance|AI in creative domains|Human-centred and social dimensions of AI|Theories and practices of creativity","University of Edinburgh",
48583,"Tara Capel","Research Clusters>Creativity, AI and the Human|Research Clusters>Critical Data Studies","Human-centred and social dimensions of AI","College of Arts, Humanities &amp; Social Sciences>Edinburgh College of Art",
48585,"Theodore Koterwas","Research Clusters>Creativity, AI and the Human","AI ethics, responsibility, and governance|AI in creative domains|AI in knowledge and learning contexts|Human-centred and social dimensions of AI|Theories and practices of creativity","College of Arts, Humanities &amp; Social Sciences>Edinburgh College of Art",
48587,"Tom Mudd","Research Clusters>Creativity, AI and the Human","AI in creative domains","College of Arts, Humanities &amp; Social Sciences>Edinburgh College of Art",
48589,"Torsten Lauschmann","Research Clusters>Creativity, AI and the Human","AI in creative domains","College of Arts, Humanities &amp; Social Sciences>Edinburgh College of Art",
48592,"Shama Rahman","Research Clusters>Creativity, AI and the Human","AI in creative domains|Theories and practices of creativity","College of Arts, Humanities &amp; Social Sciences>Edinburgh College of Art",
48695,"Christian Ilbury","Research Clusters>Media and Communications","Social Media","College of Arts, Humanities &amp; Social Sciences>School of Philosophy, Psychology and Language Sciences",
48698,"Sumin Zhao ","Research Clusters>Media and Communications","Social Media","College of Arts, Humanities &amp; Social Sciences>School of Philosophy, Psychology and Language Sciences",
48824,"Caitlin McDonald","Research Clusters>Creativity, AI and the Human","AI ethics, responsibility, and governance|AI in creative domains|Theories and practices of creativity","College of Arts, Humanities &amp; Social Sciences>Edinburgh College of Art",
48827,"Andrea Kocsis","Research Clusters>Digital Cultural Heritage","Digital engagement, learning and participation|Tourism and heritage|Working with digital archives and collections","College of Arts, Humanities &amp; Social Sciences>Edinburgh College of Art",
48834,"Kirsty Lilley","Research Clusters>Digital Cultural Heritage","Digital documentation|Digital engagement, learning and participation|Geospatial data and heritage|Tourism and heritage","College of Arts, Humanities &amp; Social Sciences>School of History, Classics and Archaeology",
48838,"James Loxley","Research Clusters>Digital Cultural Heritage",,"College of Arts, Humanities &amp; Social Sciences>School of Literatures, Languages and Cultures",
48849,"Benedetta Catanzariti","Research Clusters>Critical Data Studies|Research Clusters>Digital Economy and Society",,"College of Arts, Humanities &amp; Social Sciences>School of Social and Political Science",
48852,"Hemangini Gupta","Research Clusters>Critical Data Studies",,"College of Arts, Humanities &amp; Social Sciences>School of Social and Political Science",
48855,"Kevin Guyan","Research Clusters>Critical Data Studies",,"College of Arts, Humanities &amp; Social Sciences>University of Edinburgh Business School",
48858,"Srravya Chandhiramowuli","Research Clusters>Critical Data Studies",,"College of Science &amp; Engineering>School of Informatics",
48861,"Ben Collier","Research Clusters>Critical Data Studies",,"College of Arts, Humanities &amp; Social Sciences>School of Social and Political Science",
48864,"Ben Williamson","Research Clusters>Critical Data Studies",,"College of Arts, Humanities &amp; Social Sciences>Moray House School of Education and Sport",
48867,"Dave Loder","Research Clusters>Creativity, AI and the Human|Research Clusters>Critical Data Studies","AI in creative domains","College of Arts, Humanities &amp; Social Sciences>Edinburgh College of Art",
48870,"Lilian Edwards",,,,
48872,"Charles Raab","Research Clusters>Critical Data Studies",,"College of Arts, Humanities &amp; Social Sciences>School of Social and Political Science",
48875,"Michael Barany","Research Clusters>Critical Data Studies",,"College of Arts, Humanities &amp; Social Sciences>School of Social and Political Science",
48878,"Aditya Singh",,,,
48881,"Vikki Jones","Research Clusters>Critical Data Studies",,"College of Arts, Humanities &amp; Social Sciences>Edinburgh College of Art",
48884,"Paul Schuler","Research Clusters>Critical Data Studies",,"College of Arts, Humanities &amp; Social Sciences>School of Social and Political Science",
48890,"Sotiria Grek","Research Clusters>Critical Data Studies",,"College of Arts, Humanities &amp; Social Sciences>School of Social and Political Science",
48893,"Catherine Montgomery","Research Clusters>Critical Data Studies",,"College of Arts, Humanities &amp; Social Sciences>School of Social and Political Science",
48896,"Gavin Sullivan","Research Clusters>Critical Data Studies",,"College of Arts, Humanities &amp; Social Sciences>School of Law",
48899,"Yiru Zhao","Research Clusters>Critical Data Studies",,"College of Arts, Humanities &amp; Social Sciences>School of Social and Political Science",
49254,"Ewelina Lacka","Research Clusters>Media and Communications","Data|Social Media","College of Arts, Humanities &amp; Social Sciences>University of Edinburgh Business School",
49257,"Nacim Pak-Shiraz","Research Clusters>Media and Communications","cinema|gender|islam|Screen Studies","College of Arts, Humanities &amp; Social Sciences>School of Literatures, Languages and Cultures",
49260,"Louise Connelly","Research Clusters>Media and Communications","digital education|Digital religion (Buddhism)|Online research ethics|Social Media","College of Medicine &amp; Veterinary Medicine>Royal (Dick) School of Veterinary Studies",
49263,"Alex Nevill","Research Clusters>Media and Communications","Digital Design|Screen Studies","College of Arts, Humanities &amp; Social Sciences>Edinburgh College of Art",
49266,"Albert Sharra","Research Clusters>Media and Communications","Journalism|Political Communications|Social Media","College of Arts, Humanities &amp; Social Sciences>School of Social and Political Science",
49270,"Nason Maani","Research Clusters>Media and Communications","Political Communications|Social Media","College of Arts, Humanities &amp; Social Sciences>School of Social and Political Science",
49273,Sarah MacIsaac,"Research Clusters>Media and Communications","Social Media","College of Arts, Humanities &amp; Social Sciences>Moray House School of Education and Sport",
49275,"Tuğrulcan Elmas","Research Clusters>Media and Communications","Data|Social Media","College of Science &amp; Engineering>School of Informatics",
49292,"Cara Wilson","Research Clusters>Children, Interaction and Design|Research Clusters>Creativity, AI and the Human","Human-centred and social dimensions of AI","College of Arts, Humanities &amp; Social Sciences>Edinburgh College of Art",
49295,"Piera Morlacchi","Research Clusters>Creativity, AI and the Human","AI ethics, responsibility, and governance|AI in creative domains|AI in knowledge and learning contexts|Human-centred and social dimensions of AI|Theories and practices of creativity","College of Arts, Humanities &amp; Social Sciences>University of Edinburgh Business School",
49349,"Diane Stockton","Engagement &amp; Innovation>EFI Associate|Centres, Hubs, Projects &amp; Networks>Prevention Hub",,,
49378,"Alexis Grohmann","Research Clusters>Media and Communications",Journalism,"College of Arts, Humanities &amp; Social Sciences>School of Literatures, Languages and Cultures",
49424,Kirstin Lamb,"Centres, Hubs, Projects &amp; Networks>The Binks Hub",,,
49432,"Mary Young","Centres, Hubs, Projects &amp; Networks>Centre for Technomoral Futures",,,
49684,"Hector Fried","Research Clusters>Creativity, AI and the Human","AI in creative domains|AI in knowledge and learning contexts|Human-centred and social dimensions of AI|Theories and practices of creativity","College of Arts, Humanities &amp; Social Sciences>Edinburgh College of Art",
49690,"Kholoud Al-Ajarma","Research Clusters>Media and Communications","Journalism|Social Media","College of Arts, Humanities &amp; Social Sciences>School of Literatures, Languages and Cultures",
49693,"Ben Collier","Research Clusters>Media and Communications","Data|Journalism|Political Communications|Social Media","College of Arts, Humanities &amp; Social Sciences>School of Social and Political Science",
49696,"Wilfried Swenden","Research Clusters>Media and Communications","Data|Digital Design|Journalism|Political Communications|Screen Studies|Social Media","College of Arts, Humanities &amp; Social Sciences>School of Social and Political Science",
49699,"Rahul Sambaraju","Research Clusters>Media and Communications","Journalism|Political Communications|Social Media","College of Arts, Humanities &amp; Social Sciences>School of Philosophy, Psychology and Language Sciences",
49701,"Robert Dunbar","Research Clusters>Media and Communications","Journalism|Screen Studies|Social Media","College of Arts, Humanities &amp; Social Sciences>School of Literatures, Languages and Cultures",
49703,"Marion Schmid","Research Clusters>Media and Communications","Screen Studies","College of Arts, Humanities &amp; Social Sciences>School of Literatures, Languages and Cultures",
49712,"Xuelei Huang","Research Clusters>Media and Communications","Screen Studies","College of Arts, Humanities &amp; Social Sciences>School of Literatures, Languages and Cultures",
49715,"Patrick Theiner","Research Clusters>Media and Communications","Political Communications|Social Media","College of Arts, Humanities &amp; Social Sciences>School of Social and Political Science",
49755,"Chase Ledin","Research Clusters>Media and Communications","Data|Social Media","Usher Institute",
49849,"James Stewart","Research Clusters>Critical Data Studies|Research Clusters>Media and Communications","Data|Digital Design|Political Communications|Social Media","College of Arts, Humanities &amp; Social Sciences>School of Social and Political Science",
50157,"Tamara Trodd","Research Clusters>Media and Communications","Screen Studies","College of Arts, Humanities &amp; Social Sciences>Edinburgh College of Art",
50160,"Youssef Al Hariri","Research Clusters>Media and Communications","Social Media","College of Science &amp; Engineering>School of Informatics",
50166,"Chi Yan Hui, Io","Research Clusters>Media and Communications",,"Usher Institute",
50172,"Jennifer Yule","Research Clusters>Media and Communications","Data|Social Media","College of Arts, Humanities &amp; Social Sciences>University of Edinburgh Business School",
50175,"Charlotte Bosseaux","Research Clusters>Media and Communications","Screen Studies","College of Arts, Humanities &amp; Social Sciences>School of Literatures, Languages and Cultures",
50188,"Sabina Savadova","Research Clusters>Media and Communications","Data|Digital Design","College of Arts, Humanities &amp; Social Sciences>Moray House School of Education and Sport",
50223,"Ileana L. Selejan","Research Clusters>Media and Communications","Political Communications","College of Arts, Humanities &amp; Social Sciences>Edinburgh College of Art",
50226,"Frauke Zeller","Research Clusters>Media and Communications","Data|Journalism|Social Media","College of Arts, Humanities &amp; Social Sciences>Edinburgh College of Art",
50229,"John Kelly","Research Clusters>Media and Communications","Political Communications","College of Arts, Humanities &amp; Social Sciences>Moray House School of Education and Sport",
50232,"Will Page ","Engagement &amp; Innovation>EFI Associate",,,"Creative Industries|Data &amp; AI ethics"
50244,"Alan Fowler","Engagement &amp; Innovation>EFI Associate",,,"Financial Services &amp; FinTech|Public Services"
50247,"Morgan Walker","Engagement &amp; Innovation>EFI Associate",,,"Climate &amp; Sustainability|Creative Industries|Public Services|Tourism &amp; Festivals|Wellbeing economy"
50251,"Chris Chapman","Engagement &amp; Innovation>EFI Associate",,,"Climate &amp; Sustainability|Creative Industries"
50254,"Clair Thomson ","Engagement &amp; Innovation>EFI Associate|Centres, Hubs, Projects &amp; Networks>Prevention Hub",,,"Public Services"
50257,"Giulia Ajmone Marsan","Engagement &amp; Innovation>EFI Associate",,,"Climate &amp; Sustainability|Creative Industries|Data &amp; AI ethics|Financial Services &amp; FinTech|Wellbeing economy"
50530,"James Garforth","Research Clusters>Critical Data Studies",,"College of Science &amp; Engineering>School of Informatics",
50533,"Kristin Mojsiewicz","Research Clusters>Digital Cultural Heritage",,"College of Arts, Humanities &amp; Social Sciences>Edinburgh College of Art",
50536,"Arkotong Longkumer","Research Clusters>Digital Cultural Heritage","Digital documentation|Digital engagement, learning and participation|Geospatial data and heritage|Tourism and heritage|Working with digital archives and collections","College of Arts, Humanities &amp; Social Sciences>School of Divinity",
50539,"Gaurav Rajkhowa","Research Clusters>Digital Cultural Heritage","Digital documentation|Digital engagement, learning and participation|Tourism and heritage|Working with digital archives and collections","College of Arts, Humanities &amp; Social Sciences>School of Divinity",
50547,"Nicola Osborne","Research Clusters>Creativity, AI and the Human|Research Clusters>Media and Communications","AI ethics, responsibility, and governance|AI in creative domains|Data|Human-centred and social dimensions of AI|Screen Studies|Social Media|Theories and practices of creativity","College of Arts, Humanities &amp; Social Sciences>Edinburgh College of Art",
50635,"Emanuela Patti","Research Clusters>Creativity, AI and the Human|Research Clusters>Media and Communications","AI in creative domains|Digital Design|Human-centred and social dimensions of AI|Screen Studies|Social Media|Theories and practices of creativity","College of Arts, Humanities &amp; Social Sciences>School of Literatures, Languages and Cultures",
50639,"Peaks Krafft","Research Clusters>Critical Data Studies",,"College of Arts, Humanities &amp; Social Sciences>School of Social and Political Science",
50650,"Emma Caldwell","Centres, Hubs, Projects &amp; Networks>Centre for Technomoral Futures",,,
50656,"Calum Main","Research Clusters>Creativity, AI and the Human","AI in creative domains","College of Arts, Humanities &amp; Social Sciences>Edinburgh College of Art",
50658,"Yashique Chalil","Research Clusters>Creativity, AI and the Human","AI ethics, responsibility, and governance|AI in creative domains|Theories and practices of creativity","College of Arts, Humanities &amp; Social Sciences>Edinburgh College of Art",
51043,"Christie Chan","Research Clusters>Digital Cultural Heritage","Digital engagement, learning and participation","College of Arts, Humanities &amp; Social Sciences>Edinburgh College of Art",
51047,"Ashleigh McFeeters",,,"College of Arts, Humanities &amp; Social Sciences>Moray House School of Education and Sport",
51224,"Anissa Tanweer","Research Clusters>Critical Data Studies",,,
51320,"Matthew Hamilton","Research Clusters>Digital Cultural Heritage","Digital engagement, learning and participation|Working with digital archives and collections","College of Arts, Humanities &amp; Social Sciences>Edinburgh College of Art",
51322,"Marion Lieutaud","Research Clusters>Critical Data Studies",,"College of Arts, Humanities &amp; Social Sciences>School of Social and Political Science",
51336,"Gavin Leuzzi","Research Clusters>Creativity, AI and the Human","AI ethics, responsibility, and governance|AI in creative domains|Theories and practices of creativity","Edinburgh Innovations",
51361,"Janja Komljenovic","Research Clusters>Critical Data Studies",,"College of Arts, Humanities &amp; Social Sciences>Moray House School of Education and Sport",
51384,"David Bowes","EFI IT Team>Information, Technical &amp; Technology Services|EFI IT Team>IT User Support",,"College of Arts, Humanities &amp; Social Sciences>Edinburgh College of Art",
51441,"Sarah Immel","Research Clusters>Creativity, AI and the Human","AI in creative domains|Theories and practices of creativity","College of Science &amp; Engineering>School of Informatics",
51444,"Brid-Áine Parnell","Research Clusters>Creativity, AI and the Human","AI in creative domains|Human-centred and social dimensions of AI|Theories and practices of creativity","College of Science &amp; Engineering>School of Informatics",
51483,"Neneh Rowa-Dewar","Education|EFI Executive",,"College of Medicine &amp; Veterinary Medicine>Edinburgh Medical School",
51533,"Jonelle Simunich ","Engagement &amp; Innovation>EFI Associate",,,"Climate &amp; Sustainability|Creative Industries|Public Services"
51536,"Brian Fleming ","Engagement &amp; Innovation>EFI Associate",,,"Financial Services &amp; FinTech"
51539,"Sarah Ames ","Engagement &amp; Innovation>EFI Associate",,,"Data &amp; AI ethics"
51543,"Stuart MacDonald ","Engagement &amp; Innovation>EFI Associate",,,"Public Services"
51550,"Rovincer Najjuma","Research Clusters>Digital Economy and Society",,"College of Arts, Humanities &amp; Social Sciences>Moray House School of Education and Sport",
51597,"Ben Williamson","Centres, Hubs, Projects &amp; Networks>Centre for Research in Digital Education",,"College of Arts, Humanities &amp; Social Sciences>Moray House School of Education and Sport",
51601,"Andrew Manches","Centres, Hubs, Projects &amp; Networks>Centre for Research in Digital Education|Research Clusters>Children, Interaction and Design",,"College of Arts, Humanities &amp; Social Sciences>Moray House School of Education and Sport",
51604,"Judy Robertson","Centres, Hubs, Projects &amp; Networks>Centre for Research in Digital Education",,,
51687,"Simeon Xu","Research Clusters>Creativity, AI and the Human",,"College of Arts, Humanities &amp; Social Sciences>School of Divinity",
51722,"David Yarrow","Research Clusters>Critical Data Studies",,"College of Arts, Humanities &amp; Social Sciences>School of Social and Political Science",
51774,"Emma Dorfman","Research Clusters>Creativity, AI and the Human","AI in creative domains|Human-centred and social dimensions of AI|Theories and practices of creativity","College of Arts, Humanities &amp; Social Sciences>Edinburgh College of Art",
51943,"Gianfranco Matrone","Research Clusters>Creativity, AI and the Human","Human-centred and social dimensions of AI","College of Medicine &amp; Veterinary Medicine>Edinburgh Medical School",
51951,"Holly Pantidos",Education,,,
51954,"Zoe Hogg",Education,,,
51959,"Matt Bryant",Education,,,
51992,"Kyle Morrison","Engagement &amp; Innovation>Innovation Services>Futures and Design",,,
52001,"Olivia Jenkins","Engagement &amp; Innovation>Innovation Services>Collaborative Impact|Centres, Hubs, Projects &amp; Networks>Data for Children Collaborative",,,
52111,"Vaishak Belle","Research Clusters>Creativity, AI and the Human","AI ethics, responsibility, and governance|AI in creative domains","College of Science &amp; Engineering>School of Informatics",
52113,"Aurora Constantin","Research Clusters>Creativity, AI and the Human","AI ethics, responsibility, and governance","College of Science &amp; Engineering>School of Informatics",
52300,"Ellen Saffrey Stuart","Centres, Hubs, Projects &amp; Networks>The Binks Hub",,,
52325,"Marion Thain","EFI Executive",,"College of Arts, Humanities &amp; Social Sciences>School of Literatures, Languages and Cultures",
52822,"Miranda Anderson","Research Clusters>Creativity, AI and the Human","AI ethics, responsibility, and governance|AI in creative domains","College of Arts, Humanities &amp; Social Sciences>School of History, Classics and Archaeology",
52825,"Emily Shipp","Research Clusters>Creativity, AI and the Human","AI ethics, responsibility, and governance","College of Arts, Humanities &amp; Social Sciences>University of Edinburgh Business School",
52828,"Andrew Hoskins",,,,
52832,"Aulia Wiradarmo","Research Clusters>Creativity, AI and the Human","AI ethics, responsibility, and governance|Human-centred and social dimensions of AI","College of Arts, Humanities &amp; Social Sciences>Edinburgh College of Art|College of Science &amp; Engineering>School of Informatics",
52835,"Amanda Horzyk","Research Clusters>Creativity, AI and the Human","AI ethics, responsibility, and governance|AI in creative domains","College of Science &amp; Engineering>School of Informatics",
52838,"Claire Pembleton","Research Clusters>Creativity, AI and the Human","AI ethics, responsibility, and governance|AI in creative domains|AI in knowledge and learning contexts|Human-centred and social dimensions of AI|Theories and practices of creativity","Edinburgh Innovations",
52841,"Andrew Hoskins","Research Clusters>Media and Communications","Political Communications","College of Arts, Humanities &amp; Social Sciences>School of Social and Political Science",
53115,"Meenakshi Mani","Research Clusters>Critical Data Studies",,"College of Arts, Humanities &amp; Social Sciences>Moray House School of Education and Sport",
53282,"Urška Ozimek","Engagement &amp; Innovation>Innovation Services>Collaborative Impact",,,
53335,"Marta Bowie","Operations and Facilities",,,
53395,"David Cabrelli","Research Clusters>Digital Economy and Society",,"College of Arts, Humanities &amp; Social Sciences>School of Law",
53495,"Susan Lechelt","Research Clusters>Children, Interaction and Design|Research Clusters>Creativity, AI and the Human","AI ethics, responsibility, and governance|Human-centred and social dimensions of AI","College of Arts, Humanities &amp; Social Sciences>Edinburgh College of Art",
53498,"Saoirse Houtmeyers","Research Clusters>Creativity, AI and the Human","AI ethics, responsibility, and governance|AI in creative domains|Human-centred and social dimensions of AI|Theories and practices of creativity","College of Science &amp; Engineering>School of Informatics",
53514,"Heather McCartney",Research,,,
54014,"Sandra Mackenzie","Culture &amp; Community",,,Community
54057,"Kate Raffles","Operations and Facilities",,,
54059,"Anthony Middleton","EFI IT Team>Digital Makerspace and vislab",,"College of Arts, Humanities &amp; Social Sciences>Edinburgh College of Art",
54162,"Richard Hudson","EFI Executive",,,
54616,"Kamil Dalmata","Operations and Facilities",,,
54659,"Matilde Masetti Placci","Research Clusters>Critical Data Studies",,"College of Arts, Humanities &amp; Social Sciences>School of Law",
54662,"Nicola Sugden","Research Clusters>Critical Data Studies",,"College of Arts, Humanities &amp; Social Sciences>School of Social and Political Science",
54665,"Max Perry","Research Clusters>Critical Data Studies",,"College of Arts, Humanities &amp; Social Sciences>School of Social and Political Science",
54669,"Abby King","Research Clusters>Critical Data Studies",,"College of Arts, Humanities &amp; Social Sciences>School of Social and Political Science",
54675,"Nadia Jude","Research Clusters>Critical Data Studies",,"College of Arts, Humanities &amp; Social Sciences>School of Law",
54678,"Maria Maclennan","Research Clusters>Creativity, AI and the Human","Human-centred and social dimensions of AI","College of Arts, Humanities &amp; Social Sciences>Edinburgh College of Art",
55064,"Serena Lambley","Centres, Hubs, Projects &amp; Networks>Centre for Future Infrastructure",,,
55385,"Siddharth Biswas","Research Clusters>Creativity, AI and the Human",,"College of Arts, Humanities &amp; Social Sciences>Edinburgh College of Art",
55387,"Lily Boyington","Research Clusters>Creativity, AI and the Human",,"College of Arts, Humanities &amp; Social Sciences>Edinburgh College of Art",
55389,"Deepshikha Behera","Research Clusters>Creativity, AI and the Human","AI ethics, responsibility, and governance|AI in creative domains|AI in knowledge and learning contexts|Human-centred and social dimensions of AI|Theories and practices of creativity",,
55392,"Cyril Birks","Research Clusters>Creativity, AI and the Human",,"College of Science &amp; Engineering>School of Informatics",
55401,"Chen Zao","Research Clusters>Creativity, AI and the Human",,"College of Arts, Humanities &amp; Social Sciences>Edinburgh College of Art",
55699,"Dushani Imesha Perera Ushettige","Research Clusters>Children, Interaction and Design",,"College of Science &amp; Engineering>School of Informatics",
55701,"Ayça Atabey","Research Clusters>Children, Interaction and Design",,"College of Arts, Humanities &amp; Social Sciences>School of Law",
55704,"Megan Baker","Research Clusters>Children, Interaction and Design",,"College of Arts, Humanities &amp; Social Sciences>Moray House School of Education and Sport",
55906,"Jonathan Hancock","Research Clusters>Children, Interaction and Design",,"College of Arts, Humanities &amp; Social Sciences>Moray House School of Education and Sport",
55909,"Kate Farrell","Research Clusters>Children, Interaction and Design",,"College of Arts, Humanities &amp; Social Sciences>Moray House School of Education and Sport",
55912,"Kay Tisdall","Research Clusters>Children, Interaction and Design",,"College of Arts, Humanities &amp; Social Sciences>Moray House School of Education and Sport",
55915,"Lisa Golds","Research Clusters>Children, Interaction and Design",,"College of Arts, Humanities &amp; Social Sciences>School of Health in Social Science",
55918,"Rayo Verweij","Research Clusters>Children, Interaction and Design",,"College of Science &amp; Engineering>School of Informatics",
55924,"Serdar Abaci","Research Clusters>Children, Interaction and Design",,"College of Arts, Humanities &amp; Social Sciences>Moray House School of Education and Sport",
56680,"Beth Tianxin Xia","Research Clusters>Creativity, AI and the Human",,"Edinburgh Futures Institute",
56682,"Matthew Lear","Research Clusters>Creativity, AI and the Human",,"College of Arts, Humanities &amp; Social Sciences>School of Literatures, Languages and Cultures",
